Jahr;Monat;Land;Ausfuhr: Gewicht in t;t;Veränderung zum Vorjahresmonat (%);Veränderung zum Vorjahresmonat (%);Ausfuhr: Wert Tsd. EUR;Tsd. EUR;Veränderung zum Vorjahresmonat (%);Veränderung zum Vorjahresmonat (%);Ausfuhr Wert Tsd. US $;Tsd. US $;Veränderung zum Vorjahresmonat (%);Veränderung zum Vorjahresmonat (%);Einfuhr: Gewicht t;t;Veränderung zum Vorjahresmonat (%);Veränderung zum Vorjahresmonat (%);Einfuhr Weert Tsd. EUR;Tsd. EUR;Veränderung zum Vorjahresmonat (%);Veränderung zum Vorjahresmonat (%);Einfuhr: Wert Tsd. US $;Tsd. US $;Veränderung zum Vorjahresmonat (%);Veränderung zum Vorjahresmonat (%)
2000;Januar;Vereinigte Staaten von Amerika;695756,2;e;.;;4040020;e;.;;-;;.;;858430,8;e;.;;3250132;e;.;;-;;.;
2000;Februar;Vereinigte Staaten von Amerika;895496,8;e;.;;4948739;e;.;;-;;.;;622114,1;e;.;;3255753;e;.;;-;;.;
2000;März;Vereinigte Staaten von Amerika;903695,2;e;.;;5606604;e;.;;-;;.;;918986,9;e;.;;4270195;e;.;;-;;.;
2000;April;Vereinigte Staaten von Amerika;681745,4;e;.;;4344320;e;.;;-;;.;;606669;e;.;;3588842;e;.;;-;;.;
2000;Mai;Vereinigte Staaten von Amerika;883898,8;e;.;;5586358;e;.;;-;;.;;641981,3;e;.;;4305312;e;.;;-;;.;
2000;Juni;Vereinigte Staaten von Amerika;759375,1;e;.;;5026624;e;.;;-;;.;;505320,2;e;.;;3888266;e;.;;-;;.;
2000;Juli;Vereinigte Staaten von Amerika;781064;e;.;;5461652;e;.;;-;;.;;430997,1;e;.;;3723843;e;.;;-;;.;
2000;August;Vereinigte Staaten von Amerika;774564,6;e;.;;5049749;e;.;;-;;.;;564844,1;e;.;;3908902;e;.;;-;;.;
2000;September;Vereinigte Staaten von Amerika;704453,1;e;.;;4772196;e;.;;-;;.;;902068,5;e;.;;3589631;e;.;;-;;.;
2000;Oktober;Vereinigte Staaten von Amerika;788479,2;e;.;;5939670;e;.;;-;;.;;647298,9;e;.;;4339252;e;.;;-;;.;
2000;November;Vereinigte Staaten von Amerika;700953,9;e;.;;5867017;e;.;;-;;.;;1008633,1;e;.;;4536170;e;.;;-;;.;
2000;Dezember;Vereinigte Staaten von Amerika;658575,7;e;.;;5121270;e;.;;-;;.;;693576,8;e;.;;4464781;e;.;;-;;.;
2001;Januar;Vereinigte Staaten von Amerika;907710,8;e;30,5;e;6048509;e;49,7;e;-;;.;;775374,5;e;-9,7;e;4267549;e;31,3;e;-;;.;
2001;Februar;Vereinigte Staaten von Amerika;668268,9;e;-25,4;e;5331693;e;7,7;e;-;;.;;813545,7;e;30,8;e;4056760;e;24,6;e;-;;.;
2001;März;Vereinigte Staaten von Amerika;772923,2;e;-14,5;e;6015533;e;7,3;e;-;;.;;784960,3;e;-14,6;e;4320625;e;1,2;e;-;;.;
2001;April;Vereinigte Staaten von Amerika;710360,6;e;4,2;e;5542167;e;27,6;e;-;;.;;664974,8;e;9,6;e;3867897;e;7,8;e;-;;.;
2001;Mai;Vereinigte Staaten von Amerika;951426,3;e;7,6;e;5852842;e;4,8;e;-;;.;;650204,9;e;1,3;e;4192473;e;-2,6;e;-;;.;
2001;Juni;Vereinigte Staaten von Amerika;673429,8;e;-11,3;e;5832832;e;16;e;4976530;e;.;;675752,8;e;33,7;e;4073879;e;4,8;e;3475733;e;.;
2001;Juli;Vereinigte Staaten von Amerika;624101,1;e;-20,1;e;6354791;e;16,4;e;5469544;e;.;;365189,8;e;-15,3;e;3838799;e;3,1;e;3304027;e;.;
2001;August;Vereinigte Staaten von Amerika;873945,2;e;12,8;e;5548342;e;9,9;e;4996257;e;.;;579654,1;e;2,6;e;3840649;e;-1,7;e;3458477;e;.;
2001;September;Vereinigte Staaten von Amerika;645328,7;e;-8,4;e;5043564;e;5,7;e;4595183;e;.;;310048,1;e;-65,6;e;3041141;e;-15,3;e;2770664;e;.;
2001;Oktober;Vereinigte Staaten von Amerika;868967,4;e;10,2;e;6144007;e;3,4;e;5565831;e;.;;435701,3;e;-32,7;e;3671972;e;-15,4;e;3326417;e;.;
2001;November;Vereinigte Staaten von Amerika;697512,3;e;-0,5;e;5294627;e;-9,8;e;4703244;e;.;;741485,9;e;-26,5;e;3742579;e;-17,5;e;3324468;e;.;
2001;Dezember;Vereinigte Staaten von Amerika;736277,4;e;11,8;e;4815021;e;-6;e;4296888;e;.;;702041,7;e;1,2;e;3067389;e;-31,3;e;2737229;e;.;
2002;Januar;Vereinigte Staaten von Amerika;713105,8;e;-21,4;e;5372056;e;-11,2;e;4745116;e;.;;955899,2;e;23,3;e;3106380;e;-27,2;e;2743791;e;.;
2002;Februar;Vereinigte Staaten von Amerika;727485;e;8,9;e;5404533;e;1,4;e;4701926;e;.;;609392,7;e;-25,1;e;3221088;e;-20,6;e;2802274;e;.;
2002;März;Vereinigte Staaten von Amerika;742437,1;e;-3,9;e;5947969;e;-1,1;e;5209225;e;.;;688846,1;e;-12,2;e;3559671;e;-17,6;e;3117529;e;.;
2002;April;Vereinigte Staaten von Amerika;905346,4;e;27,4;e;5928142;e;7;e;5251162;e;.;;840498,1;e;26,4;e;3961164;e;2,4;e;3508664;e;.;
2002;Mai;Vereinigte Staaten von Amerika;903947,4;e;-5;e;5204474;e;-11,1;e;4772513;e;.;;365425,3;e;-43,8;e;3179184;e;-24,2;e;2915306;e;.;
2002;Juni;Vereinigte Staaten von Amerika;751938,3;e;11,7;e;5475573;e;-6,1;e;5231345;e;5,1;e;630066,8;e;-6,8;e;3705410;e;-9;e;3540123;e;1,9;e
2002;Juli;Vereinigte Staaten von Amerika;787635,6;e;26,2;e;6543689;e;3;e;6492580;e;18,7;e;416625,2;e;14,1;e;3077086;e;-19,8;e;3053115;e;-7,6;e
2002;August;Vereinigte Staaten von Amerika;850197,9;e;-2,7;e;5711394;e;2,9;e;5584618;e;11,8;e;481390;e;-17;e;3233832;e;-15,8;e;3161987;e;-8,6;e
2002;September;Vereinigte Staaten von Amerika;992389,5;e;53,8;e;5685989;e;12,7;e;5576775;e;21,4;e;365517,6;e;17,9;e;3035856;e;-0,2;e;2977554;e;7,5;e
2002;Oktober;Vereinigte Staaten von Amerika;1099340,5;e;26,5;e;6302215;e;2,6;e;6183117;e;11,1;e;538280,7;e;23,5;e;3471369;e;-5,5;e;3405790;e;2,4;e
2002;November;Vereinigte Staaten von Amerika;1046786,7;e;50,1;e;5844075;e;10,4;e;5852245;e;24,4;e;674195,8;e;-9,1;e;3887168;e;3,9;e;3892601;e;17,1;e
2002;Dezember;Vereinigte Staaten von Amerika;794537,6;e;7,9;e;4843040;e;0,6;e;4931660;e;14,8;e;864401,1;e;23,1;e;2937598;e;-4,2;e;2991323;e;9,3;e
2003;Januar;Vereinigte Staaten von Amerika;694461,1;e;-2,6;e;5491455;e;2,2;e;5833000;e;22,9;e;712887,2;e;-25,4;e;3573590;e;15;e;3795786;e;38,3;e
2003;Februar;Vereinigte Staaten von Amerika;832506,5;e;14,4;e;5357802;e;-0,9;e;5771948;e;22,8;e;828499,1;e;36;e;3132260;e;-2,8;e;3374252;e;20,4;e
2003;März;Vereinigte Staaten von Amerika;839023,4;e;13;e;5147665;e;-13,5;e;5563007;e;6,8;e;695067,2;e;0,9;e;3442628;e;-3,3;e;3720339;e;19,3;e
2003;April;Vereinigte Staaten von Amerika;833267,2;e;-8;e;5033767;e;-15,1;e;5460582;e;4;e;526117,1;e;-37,4;e;3556277;e;-10,2;e;3857697;e;9,9;e
2003;Mai;Vereinigte Staaten von Amerika;1075569,9;e;19;e;5235623;e;0,6;e;6063836;e;27,1;e;525149,2;e;43,7;e;3258541;e;2,5;e;3773908;e;29,5;e
2003;Juni;Vereinigte Staaten von Amerika;774107,1;e;2,9;e;4826511;e;-11,9;e;5629152;e;7,6;e;642482,3;e;2;e;3322182;e;-10,3;e;3874371;e;9,4;e
2003;Juli;Vereinigte Staaten von Amerika;748102,3;e;-5;e;5565830;e;-14,9;e;6329425;e;-2,5;e;376976,3;e;-9,5;e;3192597;e;3,8;e;3630414;e;18,9;e
2003;August;Vereinigte Staaten von Amerika;546316,5;e;-35,7;e;4467895;e;-21,8;e;4976777;e;-10,9;e;593560,1;e;23,3;e;3240190;e;0,2;e;3609077;e;14,1;e
2003;September;Vereinigte Staaten von Amerika;1006958,8;e;1,5;e;5426257;e;-4,6;e;6089319;e;9,2;e;537516,5;e;47,1;e;3238681;e;6,7;e;3634308;e;22,1;e
2003;Oktober;Vereinigte Staaten von Amerika;730535,6;e;-33,5;e;5409686;e;-14,2;e;6324944;e;2,3;e;714808,4;e;32,8;e;3364216;e;-3,1;e;3933144;e;15,5;e
2003;November;Vereinigte Staaten von Amerika;829011,7;e;-20,8;e;5023535;e;-14;e;5878489;e;0,4;e;799586;e;18,6;e;3000104;e;-22,8;e;3510434;e;-9,8;e
2003;Dezember;Vereinigte Staaten von Amerika;810154,8;e;2;e;4667587;e;-3,6;e;5734547;e;16,3;e;874829,7;e;1,2;e;2909770;e;-0,9;e;3574637;e;19,5;e
2004;Januar;Vereinigte Staaten von Amerika;883246,1;e;27,2;e;4918037;e;-10,4;e;6203103;e;6,3;e;670967,7;e;-5,9;e;3080136;e;-13,8;e;3884577;e;2,3;e
2004;Februar;Vereinigte Staaten von Amerika;981001,9;e;17,8;e;5108804;e;-4,6;e;6460541;e;11,9;e;736879,8;e;-11,1;e;2810870;e;-10,3;e;3554272;e;5,3;e
2004;März;Vereinigte Staaten von Amerika;1038554,4;e;23,8;e;5635488;e;9,5;e;6910252;e;24,2;e;551495,3;e;-20,7;e;3204771;e;-6,9;e;3929336;e;5,6;e
2004;April;Vereinigte Staaten von Amerika;992180,5;e;19,1;e;5695645;e;13,1;e;6826131;e;25;e;660068,4;e;25,5;e;3748889;e;5,4;e;4492754;e;16,5;e
2004;Mai;Vereinigte Staaten von Amerika;1101405,5;e;2,4;e;5310102;e;1,4;e;6375813;e;5,1;e;595440,3;e;13,4;e;3716375;e;14,1;e;4461998;e;18,2;e
2004;Juni;Vereinigte Staaten von Amerika;1024786,4;e;32,4;e;5585438;e;15,7;e;6779555;e;20,4;e;570729,3;e;-11,2;e;3827893;e;15,2;e;4645976;e;19,9;e
2004;Juli;Vereinigte Staaten von Amerika;1185447,1;e;58,5;e;5888971;e;5,8;e;7223397;e;14,1;e;626749,9;e;66,3;e;3354474;e;5,1;e;4114270;e;13,3;e
2004;August;Vereinigte Staaten von Amerika;1006818,6;e;84,3;e;4840320;e;8,3;e;5893479;e;18,4;e;591798,7;e;-0,3;e;3117595;e;-3,8;e;3795597;e;5,2;e
2004;September;Vereinigte Staaten von Amerika;993341,6;e;-1,4;e;5390493;e;-0,7;e;6586068;e;8,2;e;423816,5;e;-21,2;e;3414916;e;5,4;e;4171921;e;14,8;e
2004;Oktober;Vereinigte Staaten von Amerika;951260,4;e;30,2;e;5567005;e;2,9;e;6953066;e;9,9;e;596472;e;-16,6;e;3511753;e;4,4;e;4385831;e;11,5;e
2004;November;Vereinigte Staaten von Amerika;1048736,6;e;26,5;e;5539801;e;10,3;e;7196667;e;22,4;e;911104,9;e;13,9;e;3571620;e;19;e;4639437;e;32,2;e
2004;Dezember;Vereinigte Staaten von Amerika;875469;e;8,1;e;5380274;e;15,3;e;7213873;e;25,8;e;927884,3;e;6,1;e;3349605;e;15,1;e;4490769;e;25,6;e
2005;Januar;Vereinigte Staaten von Amerika;1048796,3;e;18,7;e;5081526;e;3,3;e;6666428;e;7,5;e;696792,7;e;3,8;e;3176078;e;3,1;e;4166379;e;7,3;e
2005;Februar;Vereinigte Staaten von Amerika;1008139,1;e;2,8;e;5158294;e;1;e;6712942;e;3,9;e;697355,6;e;-5,4;e;3185309;e;13,3;e;4144925;e;16,6;e
2005;März;Vereinigte Staaten von Amerika;1115141;e;7,4;e;5544622;e;-1,6;e;7319429;e;5,9;e;743439,6;e;34,8;e;3041626;e;-5,1;e;4014797;e;2,2;e
2005;April;Vereinigte Staaten von Amerika;933440,1;e;-5,9;e;5561136;e;-2,4;e;7194937;e;5,4;e;474232,1;e;-28,2;e;3741698;e;-0,2;e;4840566;e;7,7;e
2005;Mai;Vereinigte Staaten von Amerika;1028482,9;e;-6,6;e;5416983;e;2;e;6876277;e;7,8;e;435203,9;e;-26,9;e;3384160;e;-8,9;e;4295546;e;-3,7;e
2005;Juni;Vereinigte Staaten von Amerika;1061996,9;e;3,6;e;6273715;e;12,3;e;7631916;e;12,6;e;485817,7;e;-14,9;e;3831661;e;0,1;e;4660851;e;0,3;e
2005;Juli;Vereinigte Staaten von Amerika;982006,5;e;-17,2;e;5745960;e;-2,4;e;6916346;e;-4,3;e;501706,5;e;-20;e;3287618;e;-2;e;3957028;e;-3,8;e
2005;August;Vereinigte Staaten von Amerika;1147644;e;14;e;5819781;e;20,2;e;7153649;e;21,4;e;475829,6;e;-19,6;e;3762834;e;20,7;e;4624963;e;21,9;e
2005;September;Vereinigte Staaten von Amerika;1083846,9;e;9,1;e;6129484;e;13,7;e;7512311;e;14,1;e;459300;e;8,4;e;3308465;e;-3,1;e;4054565;e;-2,8;e
2005;Oktober;Vereinigte Staaten von Amerika;1190819,6;e;25,2;e;6221889;e;11,8;e;7475574;e;7,5;e;561974,8;e;-5,8;e;4008293;e;14,1;e;4815717;e;9,8;e
2005;November;Vereinigte Staaten von Amerika;1164398,5;e;11;e;6255140;e;12,9;e;7372270;e;2,4;e;655681,6;e;-28;e;3562588;e;-0,3;e;4198576;e;-9,5;e
2005;Dezember;Vereinigte Staaten von Amerika;1018097;e;16,3;e;6090613;e;13,2;e;7221019;e;0,1;e;711532,7;e;-23,3;e;3507352;e;4,7;e;4158037;e;-7,4;e
2006;Januar;Vereinigte Staaten von Amerika;1118000,5;e;6,6;e;5808156;e;14,3;e;7029578;e;5,4;e;639571,5;e;-8,2;e;3840795;e;20,9;e;4648148;e;11,6;e
2006;Februar;Vereinigte Staaten von Amerika;1142059,9;e;13,3;e;6391447;e;23,9;e;7630063;e;13,7;e;817904,5;e;17,3;e;3955021;e;24,2;e;4721238;e;13,9;e
2006;März;Vereinigte Staaten von Amerika;1261118,5;e;13,1;e;7114614;e;28,3;e;8551767;e;16,8;e;841106;e;13,1;e;4033571;e;32,6;e;4848070;e;20,8;e
2006;April;Vereinigte Staaten von Amerika;986496,1;e;5,7;e;5695938;e;2,4;e;6989428;e;-2,9;e;683738,3;e;44,2;e;3902819;e;4,3;e;4788834;e;-1,1;e
2006;Mai;Vereinigte Staaten von Amerika;927393,4;e;-9,8;e;6137532;e;13,3;e;7837579;e;14;e;675355,5;e;55,2;e;4036755;e;19,3;e;5154582;e;20;e
2006;Juni;Vereinigte Staaten von Amerika;1186758,7;e;11,7;e;6178488;e;-1,5;e;7815730;e;2,4;e;445149,9;e;-8,4;e;4031008;e;5,2;e;5098956;e;9,4;e
2006;Juli;Vereinigte Staaten von Amerika;966581,6;e;-1,6;e;6499022;e;13,1;e;8243369;e;19,2;e;691748,2;e;37,9;e;4000952;e;21,7;e;5074498;e;28,2;e
2006;August;Vereinigte Staaten von Amerika;1105124,1;e;-3,7;e;5890309;e;1,2;e;7545990;e;5,5;e;858679;e;80,5;e;4123442;e;9,6;e;5282253;e;14,2;e
2006;September;Vereinigte Staaten von Amerika;1126729,8;e;4;e;6997666;e;14,2;e;8905788;e;18,5;e;725717,6;e;58;e;4082724;e;23,4;e;5195738;e;28,1;e
2006;Oktober;Vereinigte Staaten von Amerika;952688,9;e;-20;e;7216472;e;16;e;9100647;e;21,7;e;1084177,5;e;92,9;e;4699367;e;17,2;e;5926011;e;23,1;e
2006;November;Vereinigte Staaten von Amerika;1108979,5;e;-4,8;e;7679930;e;22,8;e;9892505;e;34,2;e;865641;e;32;e;4098731;e;15;e;5279227;e;25,7;e
2006;Dezember;Vereinigte Staaten von Amerika;794044,3;e;-22;e;6381760;e;4,8;e;8432126;e;16,8;e;613915,2;e;-13,7;e;4391374;e;25,2;e;5801978;e;39,5;e
2007;Januar;Vereinigte Staaten von Amerika;977155,7;e;-12,6;e;5971916;e;2,8;e;7762843;e;10,4;e;920385,7;e;43,9;e;3860314;e;0,5;e;5017550;e;7,9;e
2007;Februar;Vereinigte Staaten von Amerika;865729,4;e;-24,2;e;6179081;e;-3,3;e;8078467;e;5,9;e;935175,5;e;14,3;e;3961252;e;0,2;e;5178648;e;9,7;e
2007;März;Vereinigte Staaten von Amerika;1023558,7;e;-18,8;e;6221458;e;-12,6;e;8238461;e;-3,7;e;905801,7;e;7,7;e;3833914;e;-4,9;e;5076511;e;4,7;e
2007;April;Vereinigte Staaten von Amerika;929868,6;e;-5,7;e;5699066;e;0,1;e;7702834;e;10,2;e;950751,6;e;39,1;e;4195586;e;7,5;e;5670316;e;18,4;e
2007;Mai;Vereinigte Staaten von Amerika;955611,7;e;3;e;5793223;e;-5,6;e;7827165;e;-0,1;e;686202,3;e;1,6;e;3738299;e;-7,4;e;5050474;e;-2;e
2007;Juni;Vereinigte Staaten von Amerika;945879,1;e;-20,3;e;6046038;e;-2,1;e;8113091;e;3,8;e;547747,9;e;23;e;3946380;e;-2,1;e;5295207;e;3,8;e
2007;Juli;Vereinigte Staaten von Amerika;1067205,9;e;10,4;e;6538691;e;0,6;e;8968412;e;8,8;e;556842,5;e;-19,5;e;3428963;e;-14,3;e;4702702;e;-7,3;e
2007;August;Vereinigte Staaten von Amerika;785859,7;e;-28,9;e;6078582;e;3,2;e;8280157;e;9,7;e;657754,1;e;-23,4;e;3926630;e;-4,8;e;5348357;e;1,3;e
2007;September;Vereinigte Staaten von Amerika;989267,1;e;-12,2;e;6279060;e;-10,3;e;8725322;e;-2;e;725102,6;e;-0,1;e;3788699;e;-7,2;e;5264366;e;1,3;e
2007;Oktober;Vereinigte Staaten von Amerika;960038,9;e;0,8;e;6676832;e;-7,5;e;9499065;e;4,4;e;735139,1;e;-32,2;e;3818093;e;-18,8;e;5431552;e;-8,3;e
2007;November;Vereinigte Staaten von Amerika;1016174,5;e;-8,4;e;6563679;e;-14,5;e;9638035;e;-2,6;e;933370,7;e;7,8;e;3915088;e;-4,5;e;5748343;e;8,9;e
2007;Dezember;Vereinigte Staaten von Amerika;847085,6;e;6,7;e;5279485;e;-17,3;e;7692122;e;-8,8;e;839062,2;e;36,7;e;3580195;e;-18,5;e;5215897;e;-10,1;e
2008;Januar;Vereinigte Staaten von Amerika;1033763,9;e;5,8;e;6306142;e;5,6;e;9281379;e;19,6;e;1439404,2;e;56,4;e;3644942;e;-5,6;e;5364626;e;6,9;e
2008;Februar;Vereinigte Staaten von Amerika;873983,5;e;1;e;6439086;e;4,2;e;9496365;e;17,6;e;1438136,1;e;53,8;e;3699967;e;-6,6;e;5456711;e;5,4;e
2008;März;Vereinigte Staaten von Amerika;961086,3;e;-6,1;e;5974036;e;-4;e;9275885;e;12,6;e;1279875;e;41,3;e;3732012;e;-2,7;e;5794695;e;14,1;e
2008;April;Vereinigte Staaten von Amerika;926611;e;-0,4;e;6216422;e;9,1;e;9791487;e;27,1;e;1161995,6;e;22,2;e;4185547;e;-0,2;e;6592655;e;16,3;e
2008;Mai;Vereinigte Staaten von Amerika;700252,9;e;-26,7;e;5196520;e;-10,3;e;8084227;e;3,3;e;1116601,8;e;62,7;e;3648755;e;-2,4;e;5676369;e;12,4;e
2008;Juni;Vereinigte Staaten von Amerika;922036,8;e;-2,5;e;6663221;e;10,2;e;10363308;e;27,7;e;782489,6;e;42,9;e;3957973;e;0,3;e;6155835;e;16,3;e
2008;Juli;Vereinigte Staaten von Amerika;750088,1;e;-29,7;e;5895531;e;-9,8;e;9297252;e;3,7;e;1581899,7;e;184,1;e;4102412;e;19,6;e;6469503;e;37,6;e
2008;August;Vereinigte Staaten von Amerika;676768,3;e;-13,9;e;5475762;e;-9,9;e;8199955;e;-1;e;753362,8;e;14,5;e;3578797;e;-8,9;e;5359248;e;0,2;e
2008;September;Vereinigte Staaten von Amerika;652069,8;e;-34,1;e;6329914;e;0,8;e;9096087;e;4,2;e;724279;e;-0,1;e;3888899;e;2,6;e;5588347;e;6,2;e
2008;Oktober;Vereinigte Staaten von Amerika;949111,7;e;-1,1;e;6309930;e;-5,5;e;8406088;e;-11,5;e;1080295,2;e;47;e;3873427;e;1,4;e;5160180;e;-5;e
2008;November;Vereinigte Staaten von Amerika;771867,2;e;-24;e;5813390;e;-11,4;e;7401608;e;-23,2;e;979670,3;e;5;e;3986969;e;1,8;e;5076209;e;-11,7;e
2008;Dezember;Vereinigte Staaten von Amerika;691162,3;e;-18,4;e;4808275;e;-8,9;e;6466649;e;-15,9;e;1009346,4;e;20,3;e;4163830;e;16,3;e;5599935;e;7,4;e
2009;Januar;Vereinigte Staaten von Amerika;644485;e;-37,7;e;4328022;e;-31,4;e;5729868;e;-38,3;e;1160580,4;e;-19,4;e;3470883;e;-4,8;e;4595102;e;-14,3;e
2009;Februar;Vereinigte Staaten von Amerika;593503,7;e;-32,1;e;4636289;e;-28;e;5927496;e;-37,6;e;926981,3;e;-35,5;e;3583032;e;-3,2;e;4580907;e;-16,1;e
2009;März;Vereinigte Staaten von Amerika;487072,9;e;-49,3;e;4858800;e;-18,7;e;6340736;e;-31,6;e;1122950,1;e;-12,3;e;4068827;e;9;e;5309821;e;-8,4;e
2009;April;Vereinigte Staaten von Amerika;506924,3;e;-45,3;e;4673232;e;-24,8;e;6163994;e;-37;e;856353,1;e;-26,3;e;3287863;e;-21,4;e;4336692;e;-34,2;e
2009;Mai;Vereinigte Staaten von Amerika;431895;e;-38,3;e;3891970;e;-25,1;e;5312542;e;-34,3;e;705053,9;e;-36,9;e;3175979;e;-13;e;4335207;e;-23,6;e
2009;Juni;Vereinigte Staaten von Amerika;554936,1;e;-39,8;e;4933728;e;-26;e;6915110;e;-33,3;e;767257,5;e;-1,9;e;2970627;e;-24,9;e;4163625;e;-32,4;e
2009;Juli;Vereinigte Staaten von Amerika;705483,9;e;-5,9;e;4974114;e;-15,6;e;7007528;e;-24,6;e;540095,9;e;-65,9;e;3145876;e;-23,3;e;4431904;e;-31,5;e
2009;August;Vereinigte Staaten von Amerika;459438,9;e;-32,1;e;3603424;e;-34,2;e;5141364;e;-37,3;e;911997;e;21,1;e;2823444;e;-21,1;e;4028487;e;-24,8;e
2009;September;Vereinigte Staaten von Amerika;567657,8;e;-12,9;e;4344537;e;-31,4;e;6326511;e;-30,4;e;661990,9;e;-8,6;e;3061021;e;-21,3;e;4457448;e;-20,2;e
2009;Oktober;Vereinigte Staaten von Amerika;532178,2;e;-43,9;e;4641955;e;-26,4;e;6877515;e;-18,2;e;791825,4;e;-26,7;e;3138109;e;-19;e;4649413;e;-9,9;e
2009;November;Vereinigte Staaten von Amerika;638840,3;e;-17,2;e;5199438;e;-10,6;e;7754435;e;4,8;e;907548,9;e;-7,4;e;3319200;e;-16,7;e;4950243;e;-2,5;e
2009;Dezember;Vereinigte Staaten von Amerika;445497,5;e;-35,5;e;4270854;e;-11,2;e;6241424;e;-3,5;e;902354,3;e;-10,6;e;3237648;e;-22,2;e;4731496;e;-15,5;e
2010;Januar;Vereinigte Staaten von Amerika;472856,8;e;-26,6;e;3761362;e;-13,1;e;5368214;e;-6,3;e;862059,3;e;-25,7;e;3320432;e;-4,3;e;4738919;e;3,1;e
2010;Februar;Vereinigte Staaten von Amerika;544050,2;e;-8,3;e;4478529;e;-3,4;e;6129313;e;3,4;e;1066893,4;e;15,1;e;2897808;e;-19,1;e;3965936;e;-13,4;e
2010;März;Vereinigte Staaten von Amerika;776905,8;e;59,5;e;6397863;e;31,7;e;8681256;e;36,9;e;1042729,5;e;-7,1;e;3968592;e;-2,5;e;5384977;e;1,4;e
2010;April;Vereinigte Staaten von Amerika;598101,9;e;18;e;5145017;e;10,1;e;6897408;e;11,9;e;991005;e;15,7;e;3508518;e;6,7;e;4703516;e;8,5;e
2010;Mai;Vereinigte Staaten von Amerika;531112,7;e;23;e;5191929;e;33,4;e;6523661;e;22,8;e;1164342,5;e;65,1;e;3502741;e;10,3;e;4401195;e;1,5;e
2010;Juni;Vereinigte Staaten von Amerika;634388,9;e;14,3;e;5867013;e;18,9;e;7163036;e;3,6;e;1040938,2;e;35,7;e;4183930;e;40,8;e;5108159;e;22,7;e
2010;Juli;Vereinigte Staaten von Amerika;607033,1;e;-14;e;5974484;e;20,1;e;7629416;e;8,9;e;912725,1;e;69;e;4037933;e;28,4;e;5156439;e;16,3;e
2010;August;Vereinigte Staaten von Amerika;578407,4;e;25,9;e;5088497;e;41,2;e;6561108;e;27,6;e;1076791;e;18,1;e;3893482;e;37,9;e;5020253;e;24,6;e
2010;September;Vereinigte Staaten von Amerika;663578,4;e;16,9;e;6031459;e;38,8;e;7881307;e;24,6;e;884473,8;e;33,6;e;3921287;e;28,1;e;5123946;e;15;e
2010;Oktober;Vereinigte Staaten von Amerika;601416,8;e;13;e;5856361;e;26,2;e;8139170;e;18,3;e;1250264,5;e;57,9;e;3843102;e;22,5;e;5341143;e;14,9;e
2010;November;Vereinigte Staaten von Amerika;613832,4;e;-3,9;e;6474163;e;24,5;e;8844353;e;14,1;e;1223154;e;34,8;e;4311108;e;29,9;e;5889402;e;19;e
2010;Dezember;Vereinigte Staaten von Amerika;620824;e;39,4;e;5307487;e;24,3;e;7016498;e;12,4;e;1031110;e;14,3;e;3852142;e;19;e;5092532;e;7,6;e
2011;Januar;Vereinigte Staaten von Amerika;574480,3;e;21,5;e;5225320;e;38,9;e;6981026;e;30;e;1068340,2;e;23,9;e;3878853;e;16,8;e;5182144;e;9,4;e
2011;Februar;Vereinigte Staaten von Amerika;659448,6;e;21,2;e;5871942;e;31,1;e;8014613;e;30,8;e;1578822,6;e;48;e;4020514;e;38,7;e;5487597;e;38,4;e
2011;März;Vereinigte Staaten von Amerika;681289,2;e;-12,3;e;6528393;e;2;e;9139102;e;5,3;e;1337045,7;e;28,2;e;4261861;e;7,4;e;5966183;e;10,8;e
2011;April;Vereinigte Staaten von Amerika;613597,2;e;2,6;e;5487143;e;6,6;e;7924532;e;14,9;e;1396043,1;e;40,9;e;3912057;e;11,5;e;5649792;e;20,1;e
2011;Mai;Vereinigte Staaten von Amerika;713251,6;e;34,3;e;6217305;e;19,7;e;8921209;e;36,8;e;1424890,8;e;22,4;e;4570054;e;30,5;e;6557568;e;49;e
2011;Juni;Vereinigte Staaten von Amerika;601349,5;e;-5,2;e;5952291;e;1,5;e;8564156;e;19,6;e;1061436,4;e;2;e;3776756;e;-9,7;e;5433995;e;6,4;e
2011;Juli;Vereinigte Staaten von Amerika;673047,5;e;10,9;e;6165825;e;3,2;e;8794932;e;15,3;e;1200507,6;e;31,5;e;3673426;e;-9;e;5239773;e;1,6;e
2011;August;Vereinigte Staaten von Amerika;597820,2;e;3,4;e;6081071;e;19,5;e;8722079;e;32,9;e;959631,8;e;-10,9;e;3983161;e;2,3;e;5713045;e;13,8;e
2011;September;Vereinigte Staaten von Amerika;618302;e;-6,8;e;6507827;e;7,9;e;8961280;e;13,7;e;1261463,4;e;42,6;e;3770246;e;-3,9;e;5191629;e;1,3;e
2011;Oktober;Vereinigte Staaten von Amerika;560108;e;-6,9;e;6521325;e;11,4;e;8938127;e;9,8;e;1319498,7;e;5,5;e;4286148;e;11,5;e;5874592;e;10;e
2011;November;Vereinigte Staaten von Amerika;582253,9;e;-5,1;e;6764499;e;4,5;e;9169954;e;3,7;e;1881557,8;e;53,8;e;4202911;e;-2,5;e;5697462;e;-3,3;e
2011;Dezember;Vereinigte Staaten von Amerika;626099,6;e;0,8;e;6452698;e;21,6;e;8504010;e;21,2;e;1210327,3;e;17,4;e;4195475;e;8,9;e;5529215;e;8,6;e
2012;Januar;Vereinigte Staaten von Amerika;662146,6;e;15,3;e;7064423;e;35,2;e;9116638;e;30,6;e;1366366,7;e;27,9;e;3804323;e;-1,9;e;4909478;e;-5,3;e
2012;Februar;Vereinigte Staaten von Amerika;620877,7;e;-5,8;e;6922563;e;17,9;e;9154398;e;14,2;e;1478267,8;e;-6,4;e;4145204;e;3,1;e;5481619;e;-0,1;e
2012;März;Vereinigte Staaten von Amerika;726967,3;e;6,7;e;7398190;e;13,3;e;9766350;e;6,9;e;1646398,9;e;23,1;e;4565172;e;7,1;e;6026483;e;1;e
2012;April;Vereinigte Staaten von Amerika;640522,3;e;4,4;e;6493477;e;18,3;e;8546714;e;7,9;e;1017071,3;e;-27,1;e;4284292;e;9,5;e;5638985;e;-0,2;e
2012;Mai;Vereinigte Staaten von Amerika;651404,6;e;-8,7;e;6804672;e;9,4;e;8702495;e;-2,5;e;1696631,6;e;19,1;e;4349616;e;-4,8;e;5562724;e;-15,2;e
2012;Juni;Vereinigte Staaten von Amerika;649043,7;e;7,9;e;7042675;e;18,3;e;8821658;e;3;e;1210532,8;e;14;e;4526600;e;19,9;e;5670023;e;4,3;e
2012;Juli;Vereinigte Staaten von Amerika;726405,7;e;7,9;e;8000939;e;29,8;e;9831552;e;11,8;e;1435507,7;e;19,6;e;4380452;e;19,2;e;5382697;e;2,7;e
2012;August;Vereinigte Staaten von Amerika;656573,9;e;9,8;e;7676445;e;26,2;e;9518790;e;9,1;e;1093338,2;e;13,9;e;4373196;e;9,8;e;5422760;e;-5,1;e
2012;September;Vereinigte Staaten von Amerika;721906,1;e;16,8;e;7999129;e;22,9;e;10283681;e;14,8;e;1203819,5;e;-4,6;e;4072441;e;8;e;5235532;e;0,8;e
2012;Oktober;Vereinigte Staaten von Amerika;777656,5;e;38,8;e;8067974;e;23,7;e;10467389;e;17,1;e;1287875,3;e;-2,4;e;4707129;e;9,8;e;6107029;e;4;e
2012;November;Vereinigte Staaten von Amerika;706378,1;e;21,3;e;7569865;e;11,9;e;9710623;e;5,9;e;1913969,8;e;1,7;e;4233660;e;0,7;e;5430940;e;-4,7;e
2012;Dezember;Vereinigte Staaten von Amerika;533470,1;e;-14,8;e;5931005;e;-8,1;e;7780886;e;-8,5;e;1685065,7;e;39,2;e;3628369;e;-13,5;e;4760057;e;-13,9;e
2013;Januar;Vereinigte Staaten von Amerika;636829,4;e;-3,8;e;6890473;e;-2,5;e;9156062;e;0,4;e;1669749;e;22,2;e;4193102;e;10,2;e;5571794;e;13,5;e
2013;Februar;Vereinigte Staaten von Amerika;720995,1;e;16,1;e;6911187;e;-0,2;e;9232652;e;0,9;e;1447482,4;e;-2,1;e;3649043;e;-12;e;4874752;e;-11,1;e
2013;März;Vereinigte Staaten von Amerika;810481,5;e;11,5;e;7953864;e;7,5;e;10311388;e;5,6;e;2010676,3;e;22,1;e;4409485;e;-3,4;e;5716455;e;-5,1;e
2013;April;Vereinigte Staaten von Amerika;682245,6;e;6,5;e;7678840;e;18,3;e;10002457;e;17;e;1385329,5;e;36,2;e;4019181;e;-6,2;e;5235384;e;-7,2;e
2013;Mai;Vereinigte Staaten von Amerika;639366,7;e;-1,8;e;6830596;e;0,4;e;8867479;e;1,9;e;2143575,1;e;26,3;e;4353721;e;0,1;e;5651999;e;1,6;e
2013;Juni;Vereinigte Staaten von Amerika;605691,3;e;-6,7;e;6992596;e;-0,7;e;9222536;e;4,5;e;1658364,2;e;37;e;3975934;e;-12,2;e;5243859;e;-7,5;e
2013;Juli;Vereinigte Staaten von Amerika;683984,5;e;-5,8;e;7530335;e;-5,9;e;9849678;e;0,2;e;1527943,8;e;6,4;e;4070147;e;-7,1;e;5323752;e;-1,1;e
2013;August;Vereinigte Staaten von Amerika;659494,7;e;0,4;e;7265650;e;-5,4;e;9670583;e;1,6;e;1516369,8;e;38,7;e;3937805;e;-10;e;5241221;e;-3,3;e
2013;September;Vereinigte Staaten von Amerika;641741,1;e;-11,1;e;7929566;e;-0,9;e;10584381;e;2,9;e;1277279,3;e;6,1;e;3928120;e;-3,5;e;5243249;e;0,1;e
2013;Oktober;Vereinigte Staaten von Amerika;794585,8;e;2,2;e;8406760;e;4,2;e;11462618;e;9,5;e;1985797,7;e;54,2;e;4336845;e;-7,9;e;5913288;e;-3,2;e
2013;November;Vereinigte Staaten von Amerika;726083,3;e;2,8;e;8547335;e;12,9;e;11532918;e;18,8;e;1556348,9;e;-18,7;e;4204755;e;-0,7;e;5673473;e;4,5;e
2013;Dezember;Vereinigte Staaten von Amerika;571891,4;e;7,2;e;6410631;e;8,1;e;8785127;e;12,9;e;1958101;e;16,2;e;3503792;e;-3,4;e;4801595;e;0,9;e
2014;Januar;Vereinigte Staaten von Amerika;675707;e;6,1;e;7202763;e;4,5;e;9802960;e;7,1;e;1518821,9;e;-9;e;3771661;e;-10,1;e;5133229;e;-7,9;e
2014;Februar;Vereinigte Staaten von Amerika;802872,6;e;11,4;e;7607663;e;10,1;e;10391305;e;12,5;e;1825967,1;e;26,1;e;4159990;e;14;e;5682128;e;16,6;e
2014;März;Vereinigte Staaten von Amerika;733434;e;-9,5;e;7848316;e;-1,3;e;10848726;e;5,2;e;1700364,4;e;-15,4;e;4320535;e;-2;e;5972273;e;4,5;e
2014;April;Vereinigte Staaten von Amerika;703214,7;e;3,1;e;7663871;e;-0,2;e;10586104;e;5,8;e;1262148,5;e;-8,9;e;4527065;e;12,6;e;6253232;e;19,4;e
2014;Mai;Vereinigte Staaten von Amerika;636515,8;e;-0,4;e;7532462;e;10,3;e;10343574;e;16,6;e;1137685,5;e;-46,9;e;4097189;e;-5,9;e;5626258;e;-0,5;e
2014;Juni;Vereinigte Staaten von Amerika;658283,7;e;8,7;e;7271510;e;4;e;9883436;e;7,2;e;1179701,2;e;-28,9;e;4298797;e;8,1;e;5842923;e;11,4;e
2014;Juli;Vereinigte Staaten von Amerika;756857,1;e;10,7;e;8754865;e;16,3;e;11853210;e;20,3;e;1363777,4;e;-10,7;e;3784563;e;-7;e;5123918;e;-3,8;e
2014;August;Vereinigte Staaten von Amerika;633744,1;e;-3,9;e;7160506;e;-1,4;e;9534933;e;-1,4;e;1436094,5;e;-5,3;e;4145789;e;5,3;e;5520535;e;5,3;e
2014;September;Vereinigte Staaten von Amerika;792605,3;e;23,5;e;9639862;e;21,6;e;12436386;e;17,5;e;1326196,8;e;3,8;e;3965521;e;1;e;5115917;e;-2,4;e
2014;Oktober;Vereinigte Staaten von Amerika;809968;e;1,9;e;9014422;e;7,2;e;11423977;e;-0,3;e;1919930,9;e;-3,3;e;4334086;e;-0,1;e;5492586;e;-7,1;e
2014;November;Vereinigte Staaten von Amerika;683465,1;e;-5,9;e;8284169;e;-3,1;e;10332012;e;-10,4;e;1383299;e;-11,1;e;3824408;e;-9;e;4769798;e;-15,9;e
2014;Dezember;Vereinigte Staaten von Amerika;779114,7;e;36,2;e;7947357;e;24;e;9799884;e;11,6;e;1749835,5;e;-10,6;e;3976943;e;13,5;e;4903967;e;2,1;e
2015;Januar;Vereinigte Staaten von Amerika;699093,2;e;3,5;e;7727732;e;7,3;e;8980396;e;-8,4;e;1706187,1;e;12,3;e;4362319;e;15,7;e;5069450;e;-1,2;e
2015;Februar;Vereinigte Staaten von Amerika;697968;e;-13,1;e;8793970;e;15,6;e;9981158;e;-3,9;e;1470019,1;e;-19,5;e;4877984;e;17,3;e;5536512;e;-2,6;e
2015;März;Vereinigte Staaten von Amerika;909606,1;e;24;e;10704406;e;36,4;e;11601436;e;6,9;e;1791372,4;e;5,4;e;5603785;e;29,7;e;6073382;e;1,7;e
2015;April;Vereinigte Staaten von Amerika;753083,5;e;7,1;e;9811713;e;28;e;10576045;e;-0,1;e;1346802,9;e;6,7;e;5492374;e;21,3;e;5920230;e;-5,3;e
2015;Mai;Vereinigte Staaten von Amerika;663737,3;e;4,3;e;8607968;e;14,3;e;9597886;e;-7,2;e;1323483,2;e;16,3;e;4501883;e;9,9;e;5019600;e;-10,8;e
2015;Juni;Vereinigte Staaten von Amerika;746806,7;e;13,4;e;9905637;e;36,2;e;11107190;e;12,4;e;1270116,6;e;7,7;e;5127960;e;19,3;e;5749981;e;-1,6;e
2015;Juli;Vereinigte Staaten von Amerika;848727;e;12,1;e;10505409;e;20;e;11551746;e;-2,5;e;1567312,3;e;14,9;e;5156783;e;36,3;e;5670397;e;10,7;e
2015;August;Vereinigte Staaten von Amerika;672561;e;6,1;e;8513505;e;18,9;e;9483193;e;-0,5;e;1300500,7;e;-9,4;e;4535896;e;9,4;e;5052534;e;-8,5;e
2015;September;Vereinigte Staaten von Amerika;859116,8;e;8,4;e;10679489;e;10,8;e;11983454;e;-3,6;e;1629666,2;e;22,9;e;5022568;e;26,7;e;5635823;e;10,2;e
2015;Oktober;Vereinigte Staaten von Amerika;719082,2;e;-11,2;e;10194672;e;13,1;e;11453713;e;0,3;e;1717357,2;e;-10,6;e;5332799;e;23;e;5991398;e;9,1;e
2015;November;Vereinigte Staaten von Amerika;746166,5;e;9,2;e;9502428;e;14,7;e;10201806;e;-1,3;e;1550427,9;e;12,1;e;5233397;e;36,8;e;5618574;e;17,8;e
2015;Dezember;Vereinigte Staaten von Amerika;644131,9;e;-17,3;e;8786512;e;10,6;e;9557089;e;-2,5;e;1926884,6;e;10,1;e;4969634;e;25;e;5405470;e;10,2;e
2016;Januar;Vereinigte Staaten von Amerika;624620,9;e;-10,7;e;7427915;e;-3,9;e;8066715;e;-10,2;e;1562039,6;e;-8,4;e;4529392;e;3,8;e;4918919;e;-3;e
2016;Februar;Vereinigte Staaten von Amerika;686277,9;e;-1,7;e;8913703;e;1,4;e;9887971;e;-0,9;e;1906390,9;e;29,7;e;4852589;e;-0,5;e;5382976;e;-2,8;e
2016;März;Vereinigte Staaten von Amerika;758722,7;e;-16,6;e;10528300;e;-1,6;e;11686411;e;0,7;e;1466388,8;e;-18,1;e;5290539;e;-5,6;e;5872498;e;-3,3;e
2016;April;Vereinigte Staaten von Amerika;736544,2;e;-2,2;e;9055917;e;-7,7;e;10268503;e;-2,9;e;1481000,3;e;10;e;4821729;e;-12,2;e;5467358;e;-7,6;e
2016;Mai;Vereinigte Staaten von Amerika;718661,4;e;8,3;e;7850421;e;-8,8;e;8879611;e;-7,5;e;1506124,9;e;13,8;e;4762781;e;5,8;e;5387182;e;7,3;e
2016;Juni;Vereinigte Staaten von Amerika;720419,7;e;-3,5;e;9495052;e;-4,1;e;10661993;e;-4;e;1160625,6;e;-8,6;e;4701479;e;-8,3;e;5279289;e;-8,2;e
2016;Juli;Vereinigte Staaten von Amerika;701798,6;e;-17,3;e;8811786;e;-16,1;e;9753765;e;-15,6;e;1346623,9;e;-14,1;e;4732389;e;-8,2;e;5238281;e;-7,6;e
2016;August;Vereinigte Staaten von Amerika;681144,4;e;1,3;e;8497819;e;-0,2;e;9527754;e;0,5;e;1287707,4;e;-1;e;4894451;e;7,9;e;5487658;e;8,6;e
2016;September;Vereinigte Staaten von Amerika;731889,9;e;-14,8;e;9078777;e;-15;e;10179124;e;-15,1;e;1380290,2;e;-15,3;e;4730668;e;-5,8;e;5304025;e;-5,9;e
2016;Oktober;Vereinigte Staaten von Amerika;688470,9;e;-4,3;e;8771569;e;-14;e;9671532;e;-15,6;e;1283704,1;e;-25,3;e;4645512;e;-12,9;e;5122141;e;-14,5;e
2016;November;Vereinigte Staaten von Amerika;695489,9;e;-6,8;e;9762258;e;2,7;e;10542262;e;3,3;e;1826317,8;e;17,8;e;5292214;e;1,1;e;5715061;e;1,7;e
2016;Dezember;Vereinigte Staaten von Amerika;743921,7;e;15,5;e;8628946;e;-1,8;e;9097497;e;-4,8;e;1328085,4;e;-31,1;e;4714214;e;-5,1;e;4970195;e;-8,1;e
2017;Januar;Vereinigte Staaten von Amerika;668672,9;e;7,1;e;8942446;e;20,4;e;9491512;e;17,7;e;1454072,4;e;-6,9;e;4974726;e;9,8;e;5280173;e;7,3;e
2017;Februar;Vereinigte Staaten von Amerika;647020,2;e;-5,7;e;9124932;e;2,4;e;9711665;e;-1,8;e;1550754,6;e;-18,7;e;4686160;e;-3,4;e;4987480;e;-7,3;e
2017;März;Vereinigte Staaten von Amerika;992690,4;e;30,8;e;11251515;e;6,9;e;12022243;e;2,9;e;1464660,2;e;-0,1;e;6126003;e;15,8;e;6545633;e;11,5;e
2017;April;Vereinigte Staaten von Amerika;710412,8;e;-3,5;e;8246878;e;-8,9;e;8843127;e;-13,9;e;1148401,9;e;-22,5;e;4973268;e;3,1;e;5332835;e;-2,5;e
2017;Mai;Vereinigte Staaten von Amerika;820735;e;14,2;e;9492964;e;20,9;e;10497319;e;18,2;e;1011761,8;e;-32,8;e;5489783;e;15,3;e;6070602;e;12,7;e
2017;Juni;Vereinigte Staaten von Amerika;797097,7;e;10,6;e;8803596;e;-7,3;e;9885557;e;-7,3;e;1201637;e;3,5;e;5274096;e;12,2;e;5922282;e;12,2;e
2017;Juli;Vereinigte Staaten von Amerika;820216,4;e;16,9;e;9162597;e;4;e;10547065;e;8,1;e;962688;e;-28,5;e;4737850;e;0,1;e;5453739;e;4,1;e
2017;August;Vereinigte Staaten von Amerika;836067,4;e;22,7;e;8995070;e;5,9;e;10620479;e;11,5;e;1509311,5;e;17,2;e;5103030;e;4,3;e;6025148;e;9,8;e
2017;September;Vereinigte Staaten von Amerika;841394,8;e;15;e;9193517;e;1,3;e;10954075;e;7,6;e;1430582,1;e;3,6;e;4984412;e;5,4;e;5938926;e;12;e
2017;Oktober;Vereinigte Staaten von Amerika;821529,5;e;19,3;e;9174468;e;4,6;e;10785505;e;11,5;e;1744505,4;e;35,9;e;5198946;e;11,9;e;6111881;e;19,3;e
2017;November;Vereinigte Staaten von Amerika;883033,6;e;27;e;10346873;e;6;e;12145159;e;15,2;e;1856932;e;1,7;e;5480639;e;3,6;e;6433174;e;12,6;e
2017;Dezember;Vereinigte Staaten von Amerika;744261,6;e;0;e;9070334;e;5,1;e;10735647;e;18;e;1758444,4;e;32,4;e;4873256;e;3,4;e;5767986;e;16,1;e
2018;Januar;Vereinigte Staaten von Amerika;788620,8;e;17,9;e;8562596;e;-4,2;e;10446365;e;10,1;e;1477910,6;e;1,6;e;5096119;e;2,4;e;6217263;e;17,7;e
2018;Februar;Vereinigte Staaten von Amerika;777267,5;e;20,1;e;8657029;e;-5,1;e;10689699;e;10,1;e;1932562,1;e;24,6;e;5169426;e;10,3;e;6383206;e;28;e
2018;März;Vereinigte Staaten von Amerika;890510,5;e;-10,3;e;10900815;e;-3,1;e;13447245;e;11,9;e;1527842,5;e;4,3;e;5294262;e;-13,6;e;6531002;e;-0,2;e
2018;April;Vereinigte Staaten von Amerika;809851,3;e;14;e;9323984;e;13,1;e;11446123;e;29,4;e;1659939,1;e;44,5;e;5602382;e;12,6;e;6877483;e;29;e
2018;Mai;Vereinigte Staaten von Amerika;786888,3;e;-4,1;e;8496464;e;-10,5;e;10036023;e;-4,4;e;1654058,3;e;63,5;e;5536751;e;0,9;e;6540010;e;7,7;e
2018;Juni;Vereinigte Staaten von Amerika;839164,9;e;5,3;e;9933727;e;12,8;e;11600607;e;17,3;e;1407473,7;e;17,1;e;5276457;e;0;e;6161847;e;4;e
2018;Juli;Vereinigte Staaten von Amerika;898631;e;9,6;e;10086075;e;10,1;e;11786588;e;11,8;e;1841163,6;e;91,3;e;5479959;e;15,7;e;6403881;e;17,4;e
2018;August;Vereinigte Staaten von Amerika;954768,4;e;14,2;e;9421219;e;4,7;e;10880566;e;2,4;e;1739761,2;e;15,3;e;5330259;e;4,5;e;6155916;e;2,2;e
2018;September;Vereinigte Staaten von Amerika;813423,5;e;-3,3;e;9262323;e;0,7;e;10798941;e;-1,4;e;2069593,7;e;44,7;e;5423159;e;8,8;e;6322859;e;6,5;e
2018;Oktober;Vereinigte Staaten von Amerika;884952,8;e;7,7;e;10057387;e;9,6;e;11549903;e;7,1;e;2118322,7;e;21,4;e;5853058;e;12,6;e;6721651;e;10;e
2018;November;Vereinigte Staaten von Amerika;836125,4;e;-5,3;e;10162697;e;-1,8;e;11551938;e;-4,9;e;1998935,2;e;7,6;e;5686807;e;3,8;e;6464193;e;0,5;e
2018;Dezember;Vereinigte Staaten von Amerika;642553,7;e;-13,7;e;8476255;e;-6,5;e;9649369;e;-10,1;e;2390761,6;e;36;e;4744624;e;-2,6;e;5401280;e;-6,4;e
2019;Januar;Vereinigte Staaten von Amerika;843228;e;6,9;e;9479264;e;10,7;e;10821527;e;3,6;e;1737041;e;17,5;e;5780036;e;13,4;e;6598489;e;6,1;e
2019;Februar;Vereinigte Staaten von Amerika;782517,7;e;0,7;e;9066708;e;4,7;e;10291620;e;-3,7;e;2282201,5;e;18,1;e;5942652;e;15;e;6745504;e;5,7;e
2019;März;Vereinigte Staaten von Amerika;968573,6;e;8,8;e;10615841;e;-2,6;e;11998023;e;-10,8;e;1781926,4;e;16,6;e;5948775;e;12,4;e;6723305;e;2,9;e
2019;April;Vereinigte Staaten von Amerika;784498,1;e;-3,1;e;9784022;e;4,9;e;10995283;e;-3,9;e;1540932,6;e;-7,2;e;5773290;e;3,1;e;6488022;e;-5,7;e
2019;Mai;Vereinigte Staaten von Amerika;786030,2;e;-0,1;e;10194868;e;20;e;11402960;e;13,6;e;1919824;e;16,1;e;6074465;e;9,7;e;6794288;e;3,9;e
2019;Juni;Vereinigte Staaten von Amerika;662961,7;e;-21;e;9237201;e;-7;e;10431571;e;-10,1;e;1257963,3;e;-10,6;e;5380269;e;2;e;6075937;e;-1,4;e
2019;Juli;Vereinigte Staaten von Amerika;924447,6;e;2,9;e;11257724;e;11,6;e;12628915;e;7,1;e;1799690,3;e;-2,3;e;6082763;e;11;e;6823643;e;6,6;e
2019;August;Vereinigte Staaten von Amerika;730754,3;e;-23,5;e;9742503;e;3,4;e;10839508;e;-0,4;e;1986983,1;e;14,2;e;5723825;e;7,4;e;6368327;e;3,5;e
2019;September;Vereinigte Staaten von Amerika;781533,8;e;-3,9;e;9911278;e;7;e;10906370;e;1;e;1478503,8;e;-28,6;e;6053507;e;11,6;e;6661280;e;5,4;e
2019;Oktober;Vereinigte Staaten von Amerika;827345,2;e;-6,5;e;11069674;e;10,1;e;12235310;e;5,9;e;1938218,7;e;-8,5;e;7150190;e;22,2;e;7903105;e;17,6;e
2019;November;Vereinigte Staaten von Amerika;670527,4;e;-19,8;e;9873650;e;-2,8;e;10911370;e;-5,5;e;1771341,5;e;-11,4;e;5912610;e;4;e;6534025;e;1,1;e
2019;Dezember;Vereinigte Staaten von Amerika;667242,7;e;3,8;e;8447407;e;-0,3;e;9387603;e;-2,7;e;1947673;e;-18,5;e;5511734;e;16,2;e;6125188;e;13,4;e
2020;Januar;Vereinigte Staaten von Amerika;698817,2;e;-17,1;e;9021744;e;-4,8;e;10014134;e;-7,5;e;1844050,8;e;6,2;e;6127579;e;6;e;6801612;e;3,1;e
2020;Februar;Vereinigte Staaten von Amerika;723927,9;e;-7,5;e;9532310;e;5,1;e;10394983;e;1;e;1754515;e;-23,1;e;5861501;e;-1,4;e;6391967;e;-5,2;e
2020;März;Vereinigte Staaten von Amerika;812321,9;e;-16,1;e;10225529;e;-3,7;e;11312503;e;-5,7;e;1762624,6;e;-1,1;e;6525806;e;9,7;e;7219499;e;7,4;e
2020;April;Vereinigte Staaten von Amerika;733553,2;e;-6,5;e;6289001;e;-35,7;e;6831112;e;-37,9;e;1570876,6;e;1,9;e;6057107;e;4,9;e;6579229;e;1,4;e
2020;Mai;Vereinigte Staaten von Amerika;506466;e;-35,6;e;6464527;e;-36,6;e;7047627;e;-38,2;e;1826123,9;e;-4,9;e;4425321;e;-27,1;e;4824485;e;-29;e
2020;Juni;Vereinigte Staaten von Amerika;659958,2;e;-0,5;e;7292050;e;-21,1;e;8207203;e;-21,3;e;1517128,2;e;20,6;e;4438067;e;-17,5;e;4995046;e;-17,8;e
2020;Juli;Vereinigte Staaten von Amerika;687122,6;e;-25,7;e;9223675;e;-18,1;e;10573099;e;-16,3;e;1969030,3;e;9,4;e;5234344;e;-13,9;e;6000128;e;-12,1;e
2020;August;Vereinigte Staaten von Amerika;640810,6;e;-12,3;e;7608844;e;-21,9;e;8999740;e;-17;e;2145213,9;e;8;e;5599472;e;-2,2;e;6623055;e;4;e
2020;September;Vereinigte Staaten von Amerika;824749,4;e;5,5;e;9251524;e;-6,7;e;10909397;e;0;e;2002471,8;e;35,4;e;6210606;e;2,6;e;7323547;e;9,9;e
2020;Oktober;Vereinigte Staaten von Amerika;830019,4;e;0,3;e;9847263;e;-11;e;11595152;e;-5,2;e;3016358,7;e;55,6;e;5777440;e;-19,2;e;6802935;e;-13,9;e
2020;November;Vereinigte Staaten von Amerika;839652;e;25,2;e;9573903;e;-3;e;11333586;e;3,9;e;1785181,2;e;0,8;e;5829648;e;-1,4;e;6901136;e;5,6;e
2020;Dezember;Vereinigte Staaten von Amerika;756347,9;e;13,4;e;9145651;e;8,3;e;11130257;e;18,6;e;2497069,3;e;28,2;e;5607266;e;1,7;e;6824042;e;11,4;e
2021;Januar;Vereinigte Staaten von Amerika;647896,5;e;-7,3;e;8449110;e;-6,3;e;10283412;e;2,7;e;1854379,3;e;0,6;e;4758837;e;-22,3;e;5791980;e;-14,8;e
2021;Februar;Vereinigte Staaten von Amerika;816871;e;12,8;e;9482008;e;-0,5;e;11471333;e;10,4;e;1818028,8;e;3,6;e;5124267;e;-12,6;e;6199337;e;-3;e
2021;März;Vereinigte Staaten von Amerika;918108,3;e;13;e;11150881;e;9;e;13268434;e;17,3;e;2234121,7;e;26,7;e;6700012;e;2,7;e;7972344;e;10,4;e
2021;April;Vereinigte Staaten von Amerika;872790,9;e;19;e;10062327;e;60;e;12053661;e;76,5;e;1571900,3;e;0,1;e;6146836;e;1,5;e;7363295;e;11,9;e
2021;Mai;Vereinigte Staaten von Amerika;803816,4;e;58,7;e;9079249;e;40,4;e;11027655;e;56,5;e;1813940,6;e;-0,7;e;5860342;e;32,4;e;7117972;e;47,5;e
2021;Juni;Vereinigte Staaten von Amerika;849754,2;e;28,8;e;10243929;e;40,5;e;12340860;e;50,4;e;2427031,3;e;60;e;6828819;e;53,9;e;8226678;e;64,7;e
2021;Juli;Vereinigte Staaten von Amerika;887680,3;e;29,2;e;10834765;e;17,5;e;12808858;e;21,1;e;1679778,2;e;-14,7;e;5480966;e;4,7;e;6479596;e;8;e
2021;August;Vereinigte Staaten von Amerika;744939,8;e;16,2;e;9396478;e;23,5;e;11061534;e;22,9;e;1857250,6;e;-13,4;e;6296641;e;12,5;e;7412406;e;11,9;e
2021;September;Vereinigte Staaten von Amerika;851236,2;e;3,2;e;10710267;e;15,8;e;12605984;e;15,6;e;2160023,7;e;7,9;e;6326466;e;1,9;e;7446250;e;1,7;e
2021;Oktober;Vereinigte Staaten von Amerika;944062,8;e;13,7;e;10890356;e;10,6;e;12633901;e;9;e;2138342,5;e;-29,1;e;6070417;e;5,1;e;7042289;e;3,5;e
2021;November;Vereinigte Staaten von Amerika;931178,6;e;10,9;e;10997817;e;14,9;e;12552908;e;10,8;e;1492959,1;e;-16,4;e;6354731;e;9;e;7253290;e;5,1;e
2021;Dezember;Vereinigte Staaten von Amerika;808142,6;e;6,8;e;10682473;e;16,8;e;12075468;e;8,5;e;2636804,8;e;5,6;e;6367171;e;13,6;e;7197450;e;5,5;e
2022;Januar;Vereinigte Staaten von Amerika;810133,7;e;25;e;9962357;e;17,9;e;11271411;e;9,6;e;2890508,3;e;55,9;e;6430013;e;35,1;e;7274916;e;25,6;e
2022;Februar;Vereinigte Staaten von Amerika;834851,4;e;2,2;e;10940747;e;15,4;e;12408995;e;8,2;e;2174932,6;e;19,6;e;6127260;e;19,6;e;6949538;e;12,1;e
2022;März;Vereinigte Staaten von Amerika;972856,3;e;6;e;13817682;e;23,9;e;15225704;e;14,8;e;1925834,2;e;-13,8;e;7699239;e;14,9;e;8483792;e;6,4;e
2022;April;Vereinigte Staaten von Amerika;824457,3;e;-5,5;e;11910878;e;18,4;e;12886378;e;6,9;e;2011105,2;e;27,9;e;6847209;e;11,4;e;7407994;e;0,6;e
2022;Mai;Vereinigte Staaten von Amerika;906141;e;12,7;e;13444617;e;48,1;e;14223060;e;29;e;2535109,9;e;39,8;e;7970148;e;36;e;8431619;e;18,5;e
2022;Juni;Vereinigte Staaten von Amerika;880201,2;e;3,6;e;14329121;e;39,9;e;15140150;e;22,7;e;2755911,9;e;13,6;e;8531654;e;24,9;e;9014545;e;9,6;e
2022;Juli;Vereinigte Staaten von Amerika;815596,6;e;-8,1;e;12397067;e;14,4;e;12618974;e;-1,5;e;2871325,2;e;70,9;e;7990709;e;45,8;e;8133741;e;25,5;e
2022;August;Vereinigte Staaten von Amerika;931786,8;e;25,1;e;13326927;e;41,8;e;13497511;e;22;e;2400834,7;e;29,3;e;8374210;e;33;e;8481398;e;14,4;e
2022;September;Vereinigte Staaten von Amerika;996985,2;e;17,1;e;15328662;e;43,1;e;15181508;e;20,4;e;2552040,6;e;18,1;e;8414548;e;33;e;8333772;e;11,9;e
2022;Oktober;Vereinigte Staaten von Amerika;901563,6;e;-4,5;e;13952493;e;28,1;e;13709721;e;8,5;e;2797766,9;e;30,8;e;8359504;e;37,7;e;8214051;e;16,6;e
2022;November;Vereinigte Staaten von Amerika;923869,4;e;-0,8;e;14394751;e;30,9;e;14684084;e;17;e;2995044,6;e;100,6;e;8788748;e;38,3;e;8965400;e;23,6;e
2022;Dezember;Vereinigte Staaten von Amerika;846835,2;e;4,8;e;12402944;e;16,1;e;13133477;e;8,8;e;2918857,5;e;10,7;e;7812304;e;22,7;e;8272448;e;14,9;e
2023;Januar;Vereinigte Staaten von Amerika;805958,2;e;-0,5;e;12100369;e;21,5;e;13030888;e;15,6;e;3308762,5;e;14,5;e;8418123;e;30,9;e;9065477;e;24,6;e
2023;Februar;Vereinigte Staaten von Amerika;860599,6;e;3,1;e;13123950;e;20;e;14062314;e;13,3;e;3038861;e;39,7;e;7422100;e;21,1;e;7952781;e;14,4;e
2023;März;Vereinigte Staaten von Amerika;871678,7;e;-10,4;e;14606265;e;5,7;e;15637467;e;2,7;e;3459385,1;e;79,6;e;8931769;e;16;e;9562351;e;12,7;e
2023;April;Vereinigte Staaten von Amerika;781970,5;e;-5,2;e;11948209;e;0,3;e;13104795;e;1,7;e;2865160;e;42,5;e;7684782;e;12,2;e;8428668;e;13,8;e
2023;Mai;Vereinigte Staaten von Amerika;845443,6;e;-6,7;e;12488485;e;-7,1;e;13572486;e;-4,6;e;2952179,3;e;16,5;e;7490477;e;-6;e;8140650;e;-3,5;e
2023;Juni;Vereinigte Staaten von Amerika;855132,9;e;-2,8;e;13866286;e;-3,2;e;15031055;e;-0,7;e;3137010,6;e;13,8;e;7741547;e;-9,3;e;8391837;e;-6,9;e
2023;Juli;Vereinigte Staaten von Amerika;831838,1;e;2;e;13608097;e;9,8;e;15047833;e;19,2;e;3033189,6;e;5,6;e;7444456;e;-6,8;e;8232079;e;1,2;e
2023;August;Vereinigte Staaten von Amerika;787610,5;e;-15,5;e;13068018;e;-1,9;e;14255901;e;5,6;e;3013980,2;e;25,5;e;7989286;e;-4,6;e;8715512;e;2,8;e
2023;September;Vereinigte Staaten von Amerika;855823,2;e;-14,2;e;13216074;e;-13,8;e;14120053;e;-7;e;2866853;e;12,3;e;7498409;e;-10,9;e;8011300;e;-3,9;e
2023;Oktober;Vereinigte Staaten von Amerika;848300,7;e;-5,9;e;14335875;e;2,7;e;15142985;e;10,5;e;3549484,2;e;26,9;e;7973357;e;-4,6;e;8422257;e;2,5;e
2023;November;Vereinigte Staaten von Amerika;862014,7;e;-6,7;e;14184253;e;-1,5;e;15330341;e;4,4;e;3202701,7;e;6,9;e;8317153;e;-5,4;e;8989178;e;0,3;e
2023;Dezember;Vereinigte Staaten von Amerika;723296,8;e;-14,6;e;11383978;e;-8,2;e;12411952;e;-5,5;e;3927496,1;e;34,6;e;7722736;e;-1,1;e;8420099;e;1,8;e
2024;Januar;Vereinigte Staaten von Amerika;813694;p;1;p;11934147;p;-1,4;p;13014187;p;-0,1;p;3903511,6;p;18;p;7916645;p;-6;p;8633101;p;-4,8;p
2024;Februar;Vereinigte Staaten von Amerika;971866,7;p;12,9;p;13826026;p;5,3;p;14925194;p;6,1;p;3003121,1;p;-1,2;p;7542169;p;1,6;p;8141771;p;2,4;p
2024;März;Vereinigte Staaten von Amerika;826886,2;p;-5,1;p;14368070;p;-1,6;p;15620965;p;-0,1;p;3737978,3;p;8,1;p;7985774;p;-10,6;p;8682133;p;-9,2;p
2024;April;Vereinigte Staaten von Amerika;941593;p;20,4;p;14369071;p;20,3;p;15415139;p;17,6;p;3037578,3;p;6;p;7986311;p;3,9;p;8567713;p;1,6;p
2024;Mai;Vereinigte Staaten von Amerika;769313,8;p;-9;p;13268362;p;6,2;p;14345752;p;5,7;p;3476862,8;p;17,8;p;7750051;p;3,5;p;8379354;p;2,9;p
2024;Juni;Vereinigte Staaten von Amerika;734272,9;p;-14,1;p;12980457;p;-6,4;p;13965674;p;-7,1;p;2462374,3;p;-21,5;p;6931537;p;-10,5;p;7457640;p;-11,1;p
2024;Juli;Vereinigte Staaten von Amerika;854802,4;p;2,8;p;14183539;p;4,2;p;15380629;p;2,2;p;2763393,2;p;-8,9;p;8046012;p;8,1;p;8725095;p;6;p
2024;August;Vereinigte Staaten von Amerika;728202,9;p;-7,5;p;12645859;p;-3,2;p;13925620;p;-2,3;p;3040912,5;p;0,9;p;7900486;p;-1,1;p;8700016;p;-0,2;p
2024;September;Vereinigte Staaten von Amerika;868611;p;1,5;p;14605935;p;10,5;p;16221352;p;14,9;p;2876726,8;p;0,3;p;7556107;p;0,8;p;8391813;p;4,7;p
2024;Oktober;Vereinigte Staaten von Amerika;827407,3;p;-2,5;p;13360210;p;-6,8;p;14567973;p;-3,8;p;3518555,2;p;-0,9;p;7819621;p;-1,9;p;8526514;p;1,2;p
2024;November;Vereinigte Staaten von Amerika;798463,7;p;-7,4;p;14320863;p;1;p;15223077;p;-0,7;p;2921921,6;p;-8,8;p;7369423;p;-11,4;p;7833697;p;-12,9;p
2024;Dezember;Vereinigte Staaten von Amerika;828484,3;p;14,5;p;11480233;p;0,8;p;12030136;p;-3,1;p;3069640,7;p;-21,8;p;6717046;p;-13;p;7038792;p;-16,4;p
